<?xml version="1.0" encoding="UTF-8" ?>
<!DOCTYPE mapper PUBLIC
	"-//ibatis.apache.org//DTD Mapper 3.0//EN" 
	"http://ibatis.apache.org/dtd/ibatis-3-mapper.dtd">

<mapper namespace="common.auth.AuthDao">

	<resultMap id="result" type="common.auth.Auth">
		<id property="id" column="ID" />
		<result property="account" column="ACCOUNT" />
		<result property="password" column="PASSWORD" />
		<result property="name" column="NAME" />
		<result property="email" column="EMAIL" />
		<result property="mobile" column="MOBILE" />
		<result property="logintype" column="LOGINTYPE" />
		<result property="loginstatus" column="LOGINSTATUS" />
		<result property="usertype" column="USERTYPE" />
		<result property="qybm" column="QYBM" />
		<result property="ssdw" column="SSDW" />
		<result property="ssbm" column="SSBM" />
	</resultMap>
	
	<select id="getUserByAccount" resultMap="result">
		select ID, ACCOUNT, PASSWORD, NAME, EMAIL, MOBILE, -1 as LOGINTYPE, STATUS as LOGINSTATUS, 1 as USERTYPE, '' as QYBM, '' as SSDW, '' as SSBM
		from DS_COMMON_USER where ACCOUNT=LOWER(#{account})
	</select>
	<update id="updateUserPassword">
		update DS_COMMON_USER set PASSWORD=#{password} where ACCOUNT=#{account}
	</update>


	<select id="getEpByAccount" resultMap="result">
		select ID, ACCOUNT, PASSWORD, NAME, EMAIL, MOBILE, 2 as LOGINTYPE, STATUS as LOGINSTATUS, USERTYPE, QYBM, SSDW, SSBM
		from DS_EP_USER where ACCOUNT=LOWER(#{account})
	</select>
	<select id="queryEpList" resultMap="result">
		select ID, ACCOUNT, PASSWORD, NAME, EMAIL, MOBILE, 2 as LOGINTYPE, STATUS as LOGINSTATUS, USERTYPE, QYBM, SSDW, SSBM
		from DS_EP_USER where 1=1
		<if test="account == null"> and EMAIL=#{email} </if>
		<if test="email == null"> and ACCOUNT=LOWER(#{account}) </if>
	</select>
	<update id="updateEpPassword">
		update DS_EP_USER set PASSWORD=#{password} where ACCOUNT=#{account}
	</update>


	<select id="getPersonByAccount" resultMap="result">
		select ID, ACCOUNT, PASSWORD, NAME, EMAIL, MOBILE, 1 as LOGINTYPE, STATUS as LOGINSTATUS, USERTYPE, '' as QYBM, '' as SSDW, '' as SSBM
		from DS_PERSON_USER where 
		<if test="account != null"> ACCOUNT=LOWER(#{account}) </if>
		<if test="account == null"> IDCARD=#{idcard} </if>
	</select>
	<select id="queryPersonList" resultMap="result">
		select ID, ACCOUNT, PASSWORD, NAME, EMAIL, MOBILE, 1 as LOGINTYPE, STATUS as LOGINSTATUS, USERTYPE, '' as QYBM, '' as SSDW, '' as SSBM
		from DS_PERSON_USER where 1=1
		<if test="account != null"> and ACCOUNT=LOWER(#{account}) </if>
		<if test="idcard != null"> and IDCARD=#{idcard} </if>
		<if test="email != null"> and EMAIL=#{email} </if>
	</select>
	<update id="updatePersonPassword">
		update DS_PERSON_USER set PASSWORD=#{password} where ACCOUNT=#{account}
	</update>

</mapper>
