<?xml version="1.0" encoding="UTF-8"?>
<beans xmlns="http://www.springframework.org/schema/beans" 
	xmlns:xsi="http://www.w3.org/2001/XMLSchema-instance" 
	xmlns:p="http://www.springframework.org/schema/p" 
	xmlns:context="http://www.springframework.org/schema/context"
	xsi:schemaLocation="
		http://www.springframework.org/schema/beans 
        http://www.springframework.org/schema/beans/spring-beans-3.0.xsd 
		http://www.springframework.org/schema/context 
        http://www.springframework.org/schema/context/spring-context-3.0.xsd"
	default-autowire="byName" default-lazy-init="false">

	<context:component-scan base-package="dswork.sso.controller" />
	<bean class="org.springframework.web.servlet.mvc.method.annotation.RequestMappingHandlerMapping" />  
	<bean class="org.springframework.web.servlet.mvc.method.annotation.RequestMappingHandlerAdapter" />
	<bean id="viewResolver" class="org.springframework.web.servlet.view.InternalResourceViewResolver">
		<property name="viewClass" value="org.springframework.web.servlet.view.JstlView" />
		<property name="contentType" value="text/html;charset=UTF-8" />
		<property name="prefix" value="/WEB-INF/view/jsp" />
		<property name="suffix" value="" />
	</bean>
</beans> 
