<?xml version="1.0" encoding="UTF-8"?>
<Configuration status="off">
	<Appenders>
		<Console name="stdout" target="SYSTEM_OUT">
			<PatternLayout pattern="%-d{yyyy-MM-dd HH:mm:ss,SSS} [%p] %c - %m%n" />
		</Console>
		<RollingFile name="logfile" fileName="${web:rootDir}/../../logs${web:contextPath}/log4j.log" filePattern="${web:rootDir}/../../logs${web:contextPath}/log4j%d{yyyy-MM-dd}-%i.txt.gz" ignoreExceptions="false">
			<PatternLayout pattern="%-d{yyyy-MM-dd HH:mm:ss,SSS} [%p] %c - %m%n" />
			<Policies>
				<TimeBasedTriggeringPolicy interval="24" modulate="true" />
				<SizeBasedTriggeringPolicy size="5 MB" />
			</Policies>
			<DefaultRolloverStrategy max="20" />
		</RollingFile>
	</Appenders>
	<Loggers>
		<Root level="DEBUG"><AppenderRef ref="logfile" /><AppenderRef ref="stdout" /></Root>
	</Loggers>
</Configuration>
